x-axis,WaveGen-ARB
second,Volt
0.000000E+000,+2.5000E+00
1.250000E-005,-2.5000E+00
